Designator,Footprint,Quantity,Value,LCSC Part #
"C1, C12, C13, C15, C22, C37, C4, C7, C9",0603,9,10µF,
"C10, C14, C16, C17, C18, C19, C24, C3, C36, C8",0603,10,1µF,
"C11, C5",0603,2,100nF,
"C2, C25, C26, C27, C30, C31, C32, C33, C35",0603,9,0.1µF,
C20,0603,1,470nF,
"C21, C28, C29, C34, C39, C40",0603,6,22µF,
"C23, C38",0603,2,10pF,
C6,0603,1,0.01µF,
D1,0603,1,B_LED,
"D2, D7, D8",0603,3,R_LED,
"D3, D4",D_SMB,2,MBRS130LT3,
"EN, RST",SW_SPST_Omron_B3FS-100xP,2,SW_Omron_B3FS,
J1,CONN12_B-7004_GSW,1,GT-USB-7004,
J2,TerminalBlock_MetzConnect_Type073_RT02602HBLU_1x02_P5.08mm_Horizontal,1,5V,
"L1, L2, L3, L4, L5, L6",0603,6,L,
L7,0603,1,0.47µH,
L8,0603,1,0.68µH,
"R1, R2, R3",0603,3,10k,
R10,0603,1,220,
R11,0603,1,300,
"R12, R18",0603,2,20,
"R13, R17",0603,2,120k,
"R14, R15, R23",0603,3,40.2k,
R16,0603,1,13k,
"R19, R20",0603,2,1k,
R21,0603,1,20k,
R22,0603,1,32.4k,
"R4, R5",0603,2,5k1,
"R6, R7",0603,2,4.7k,
R9,0603,1,150,
U$1,BGA40N50P9X12_500X650X90-V,1,BGT60TR13C,
"U10, U11, U8",VSSOP-8_2.3x2mm_P0.5mm,3,SN74LVC2T45DCUR,
U12,SOT-23-6,1,USBLC6-2SC6,
U5,ESP32-C3-WROOM-02,1,ESP32-C3-WROOM-02,
"U6, U7",SOT583_MP2332H_MNP,2,MP2332HGTL-Z,
U9,Sensirion_SCD4x-1EP_10.1x10.1mm_P1.25mm_EP4.8x4.8mm,1,SCD41-D-R2,
X1,SON4_SIT8008_3p2x2p5_SIT,1,TXC CORP 7X80000600,
