Designator,Mid X,Mid Y,Rotation,Layer
C1,195.69,259.6,270.0,top
C10,226.0,219.0,270.0,top
C11,229.5,212.75,90.0,top
C12,227.5,219.0,270.0,top
C13,231.75,229.525,270.0,top
C14,233.5,226.25,0.0,top
C15,228.75,229.525,90.0,top
C16,233.5,224.75,0.0,top
C17,227.25,229.525,90.0,top
C18,225.75,229.5,90.0,top
C19,224.25,229.5,90.0,top
C2,197.44,259.575,270.0,top
C20,229.0,219.0,270.0,top
C21,179.6,223.5,180.0,top
C22,186.25,220.75,0.0,top
C23,185.575,224.725,90.0,top
C24,179.6,219.0,0.0,top
C25,179.6,222.0,180.0,top
C26,216.6,225.5,0.0,top
C27,219.6,225.5,180.0,top
C28,181.076067,227.252701,180.0,top
C29,181.075,228.75,180.0,top
C3,214.5,244.5,180.0,top
C30,219.275,217.75,180.0,top
C31,216.275,217.75,0.0,top
C32,219.325,212.25,180.0,top
C33,216.325,212.25,0.0,top
C34,197.1875,224.0,180.0,top
C35,197.1875,222.5,180.0,top
C36,197.2125,219.5,0.0,top
C37,204.0,221.5,0.0,top
C38,204.175,225.5,90.0,top
C39,198.9,226.25,180.0,top
C4,175.4,240.75,270.0,top
C40,198.9,227.75,180.0,top
C5,176.9,240.75,270.0,top
C6,232.75,217.575,270.0,top
C7,236.0,228.75,180.0,top
C8,233.5,223.25,0.0,top
C9,226.25,212.75,90.0,top
D1,225.4625,248.5,0.0,top
D2,225.4625,237.0,0.0,top
D3,227.75,245.25,0.0,top
D4,227.75,240.25,0.0,top
D7,190.25,259.6,270.0,top
D8,190.45,238.3,0.0,top
EN,214.5,238.0,270.0,top
J1,247.9266,247.900684,90.0,top
J2,247.3675,236.745,90.0,top
L1,236.0,230.25,180.0,top
L2,227.75,212.75,90.0,top
L3,231.0,212.75,90.0,top
L4,236.0,233.25,180.0,top
L5,236.0,231.75,180.0,top
L6,230.25,229.525,270.0,top
L7,179.6,220.5,180.0,top
L8,197.2125,221.0,180.0,top
R1,214.5,246.0,180.0,top
R10,228.4625,248.5,180.0,top
R11,228.4625,237.0,180.0,top
R12,182.725,218.0,270.0,top
R13,186.25,219.25,180.0,top
R14,186.25,222.25,0.0,top
R15,184.034998,224.75,90.0,top
R16,187.075,224.75,90.0,top
R17,204.0,220.0,180.0,top
R18,200.5,219.25,90.0,top
R19,192.25,259.6,270.0,top
R2,220.69,257.6,180.0,top
R20,190.45,240.05,0.0,top
R21,204.0,223.0,0.0,top
R22,205.675,225.5,90.0,top
R23,202.675,225.5,90.0,top
R3,196.94,251.6,0.0,top
R4,244.0,248.403394,180.0,top
R5,244.0,252.903394,180.0,top
R6,189.95,246.3,270.0,top
R7,189.95,243.3,90.0,top
R9,232.75,220.575,90.0,top
RST,202.0,238.0,270.0,top
U$1,226.5,224.5,90.0,top
U10,217.675,219.75,0.0,top
U11,217.825,214.25,0.0,top
U12,237.25344,250.653394,0.0,top
U5,208.69,254.5,0.0,top
U6,182.8493,221.750001,0.0,top
U7,200.6757,222.5,0.0,top
U8,217.75,223.5,180.0,top
U9,183.25,243.0,90.0,top
X1,235.5,219.925,180.0,top
